Status, Time, Address
Success, 212, world 1
Success, 299, world 2
Success, 294, world 3
Success, 306, world 4
Success, 209, world 5
Success, 213, world 6
Success, 298, world 8
Success, 298, world 9
Success, 299, world 10
Success, 302, world 11
Success, 295, world 12
Success, 212, world 13
Success, 211, world 14
Success, 296, world 16
Success, 298, world 17
Success, 295, world 18
Success, 309, world 19
Success, 301, world 20
Success, 212, world 21
Success, 211, world 22
Success, 296, world 25
Success, 298, world 26
Success, 294, world 27
Success, 295, world 28
Success, 212, world 29
Success, 215, world 30
Success, 298, world 33
Success, 292, world 34
Success, 298, world 35
Success, 298, world 36
Success, 213, world 37
Success, 212, world 38
Success, 295, world 41
Success, 299, world 42
Success, 293, world 43
Success, 297, world 44
Success, 211, world 45
Success, 211, world 46
Success, 299, world 49
Success, 298, world 50
Success, 305, world 51
Success, 300, world 52
Success, 214, world 53
Success, 212, world 54
Success, 299, world 57
Success, 299, world 58
Success, 295, world 59
Success, 295, world 60
Success, 211, world 61
Success, 210, world 62
Success, 299, world 65
Success, 298, world 66
Success, 302, world 67
Success, 299, world 68
Success, 212, world 69
Success, 211, world 70
Success, 297, world 73
Success, 299, world 74
Success, 293, world 75
Success, 301, world 76
Success, 213, world 77
Success, 209, world 78
Success, 299, world 81
Success, 299, world 82
Success, 302, world 83
Success, 295, world 84
Success, 212, world 85
Success, 213, world 86
Success, 219, world 93
Success, 211, world 94
